{
    "attack": {
        "Cruzeiro": 0.3021021852729017,
        "Fortaleza": -0.32886009756200507,
        "Gremio": -0.15248597155390126,
        "Juventude": -0.4176598508305996,
        "Sao Paulo": -0.45584238980055475,
        "Flamengo RJ": 0.479026902247843,
        "Palmeiras": 0.009561284106626282,
        "Vasco": -0.0400397049008714,
        "Bahia": 0.13687102624995826,
        "Bragantino": -0.012675866586889238,
        "Ceara": -0.14027299088411868,
        "Corinthians": -0.1534864183689742,
        "Botafogo RJ": 0.11085451479574791,
        "Atletico-MG": -0.12390454548620249,
        "Fluminense": 0.0186281475010549,
        "Internacional": -0.18480602660200499,
        "Mirassol": 0.1298250332876306,
        "Sport Recife": -1.0808554908309174,
        "Vitoria": -0.4781575889921774,
        "Santos": -0.18851869139907262
    },
    "defense": {
        "Cruzeiro": -0.45478223621550656,
        "Fortaleza": 0.2358665538124112,
        "Gremio": 0.20137691368452268,
        "Juventude": 0.531258976678511,
        "Sao Paulo": -0.04629907423070858,
        "Flamengo RJ": -1.2238388881366145,
        "Palmeiras": -0.5324924437903544,
        "Vasco": 0.17386730190819039,
        "Bahia": -0.3303099515350517,
        "Bragantino": -0.22491027925503773,
        "Ceara": -0.16515403844747015,
        "Corinthians": 0.050475955922883176,
        "Botafogo RJ": -0.8158888846539195,
        "Atletico-MG": -0.28618657270884634,
        "Fluminense": 0.017227512775073166,
        "Internacional": 0.12023117501191431,
        "Mirassol": -0.047285122853709685,
        "Sport Recife": 0.31054200635529733,
        "Vitoria": -0.0830206106594882,
        "Santos": -0.0014114043537095079
    },
    "home_advantage": 0.4638999986455242
}